{
  "utils/locate-reuse-libs-dbg.js": 1658084230850,
  "utils/locate-reuse-libs.js": 1658084230850,
  "manifest.json": 1658109915268,
  "model/models.js": 1658084230850,
  "model/formatter.js": 1658090523090,
  "controller/Worklist.controller.js": 1658086614005,
  "controller/Object.controller.js": 1658089558557,
  "controller/NotFound.controller.js": 1658084230846,
  "controller/ErrorHandler.js": 1658084230846,
  "controller/BaseController.js": 1658084230846,
  "controller/App.controller.js": 1658084230846,
  "Component.js": 1658084230846,
  "manifest-bundle.zip": 1658109915283,
  "Component-preload.js": 1658109915677,
  "controller/ErrorHandler-dbg.js": 1658084230846,
  "model/models-dbg.js": 1658084230850,
  "model/formatter-dbg.js": 1658090523090,
  "controller/Worklist-dbg.controller.js": 1658086614005,
  "controller/Object-dbg.controller.js": 1658089558557,
  "controller/NotFound-dbg.controller.js": 1658084230846,
  "i18n/i18n.properties": 1658088865438,
  "controller/BaseController-dbg.js": 1658084230846,
  "controller/App-dbg.controller.js": 1658084230846,
  "Component-dbg.js": 1658084230846,
  "view/Worklist.view.xml": 1658085944314,
  "view/ObjectNotFound.view.xml": 1658084230850,
  "view/Object.view.xml": 1658090532698,
  "view/NotFound.view.xml": 1658084230850,
  "view/App.view.xml": 1658084230850,
  "test.html": 1658084230850,
  "index.html": 1658084230846
}